Unnamed: 0,identity/LineItemId,bill/InvoiceId,bill/BillingEntity,bill/BillType,bill/PayerAccountId,bill/BillingPeriodStartDate,lineItem/UsageAccountId,lineItem/LineItemType,lineItem/UsageStartDate,lineItem/UsageEndDate,lineItem/UsageType,lineItem/Operation,lineItem/AvailabilityZone,lineItem/ResourceId,lineItem/UsageAmount,lineItem/NormalizationFactor,lineItem/NormalizedUsageAmount,lineItem/UnblendedRate,lineItem/UnblendedCost,lineItem/LineItemDescription,product/ProductName,product/cacheEngine,product/databaseEdition,product/databaseEngine,product/deploymentOption,product/instanceType,product/instanceTypeFamily,product/licenseModel,product/location,product/operatingSystem,product/region,product/tenancy,pricing/LeaseContractLength,pricing/OfferingClass,pricing/PurchaseOption,pricing/publicOnDemandRate,pricing/term,reservation/AmortizedUpfrontCostForUsage,reservation/AmortizedUpfrontFeeForBillingPeriod,reservation/EffectiveCost,reservation/EndTime,reservation/ModificationStatus,reservation/NumberOfReservations,reservation/RecurringFeeForUsage,reservation/ReservationARN,reservation/StartTime,reservation/SubscriptionId,reservation/TotalReservedUnits,reservation/UnusedAmortizedUpfrontFeeForBillingPeriod,reservation/UnusedNormalizedUnitQuantity,reservation/UnusedQuantity,reservation/UnusedRecurringFee,reservation/UpfrontValue,savingsPlan/TotalCommitmentToDate,savingsPlan/SavingsPlanARN,savingsPlan/SavingsPlanRate,savingsPlan/UsedCommitment,savingsPlan/SavingsPlanEffectiveCost,savingsPlan/AmortizedUpfrontCommitmentForBillingPeriod,savingsPlan/RecurringCommitmentForBillingPeriod,savingsPlan/PurchaseTerm,savingsPlan/PaymentOption,savingsPlan/OfferingType,savingsPlan/Region,savingsPlan/StartTime,savingsPlan/EndTime,resourceTags/aws:createdBy,resourceTags/user:Billing,resourceTags/user:EBS,resourceTags/user:EC2,resourceTags/user:Environment,resourceTags/user:Name,resourceTags/user:Project,resourceTags/user:RDS,resourceTags/user:Site,resourceTags/user:autotag,resourceTags/user:ext01
173,7xnz5v6qvkmkwxoj3mzj762kvzdib4gp6irmshwxopms5y7ql5ca,455712485,AWS,Anniversary,829432956742,2020-04-01T00:00:00Z,274049312600,SavingsPlanRecurringFee,2020-04-09T00:00:00Z,2020-04-10T00:00:00Z,ComputeSP:3yrNoUpfront,,,,24.0,,,6.4,153.6,3 year No Upfront Compute Savings Plan,Savings Plans for AWS Compute usage,,,,,,,,,,global,,,,,,,,,,,,,,,,,,,,,,,153.6,arn:aws:savingsplans::274049312600:savingsplan/c976b0ab-a9a1-4952-9ca1-b0e623d5acc6,,153.6,,0.0,153.6,3yr,No Upfront,ComputeSavingsPlans,Any,2020-01-10T06:39:26.000Z,2023-01-09T06:39:25.000Z,***,***,***,***,***,***,***,***,***,***,***
174,7xnz5v6qvkmkwxoj3mzj762kvzdib4gp6irmshwxopms5y7ql5ca,455712485,AWS,Anniversary,829432956742,2020-04-01T00:00:00Z,274049312600,SavingsPlanRecurringFee,2020-04-08T00:00:00Z,2020-04-09T00:00:00Z,ComputeSP:3yrNoUpfront,,,,24.0,,,6.4,153.6,3 year No Upfront Compute Savings Plan,Savings Plans for AWS Compute usage,,,,,,,,,,global,,,,,,,,,,,,,,,,,,,,,,,153.6,arn:aws:savingsplans::274049312600:savingsplan/c976b0ab-a9a1-4952-9ca1-b0e623d5acc6,,153.6,,0.0,153.6,3yr,No Upfront,ComputeSavingsPlans,Any,2020-01-10T06:39:26.000Z,2023-01-09T06:39:25.000Z,***,***,***,***,***,***,***,***,***,***,***
175,hrtmtcpkcifzl7ghwn6mmd2uroqnnnnb6didflhpju3vrwu3g2sa,455712485,AWS,Anniversary,829432956742,2020-04-01T00:00:00Z,274049312600,Tax,2020-04-01T00:00:00Z,2020-04-20T03:04:44Z,ComputeSP:3yrNoUpfront,,,,1.0,,,,0.0,Tax for product code ComputeSavingsPlans usage type ComputeSP:3yrNoUpfront,Savings Plans for AWS Compute usage,,,,,,,,,,,,,,,,,,,,,,,,,,,,,,,,,,,,,,,,,,,,,,***,***,***,***,***,***,***,***,***,***,***
176,7xnz5v6qvkmkwxoj3mzj762kvzdib4gp6irmshwxopms5y7ql5ca,455712485,AWS,Anniversary,829432956742,2020-04-01T00:00:00Z,274049312600,SavingsPlanRecurringFee,2020-04-19T00:00:00Z,2020-04-20T00:00:00Z,ComputeSP:3yrNoUpfront,,,,24.0,,,6.4,153.6,3 year No Upfront Compute Savings Plan,Savings Plans for AWS Compute usage,,,,,,,,,,global,,,,,,,,,,,,,,,,,,,,,,,153.6,arn:aws:savingsplans::274049312600:savingsplan/c976b0ab-a9a1-4952-9ca1-b0e623d5acc6,,153.6,,0.0,153.6,3yr,No Upfront,ComputeSavingsPlans,Any,2020-01-10T06:39:26.000Z,2023-01-09T06:39:25.000Z,***,***,***,***,***,***,***,***,***,***,***
177,7xnz5v6qvkmkwxoj3mzj762kvzdib4gp6irmshwxopms5y7ql5ca,455712485,AWS,Anniversary,829432956742,2020-04-01T00:00:00Z,274049312600,SavingsPlanRecurringFee,2020-04-04T00:00:00Z,2020-04-05T00:00:00Z,ComputeSP:3yrNoUpfront,,,,24.0,,,6.4,153.6,3 year No Upfront Compute Savings Plan,Savings Plans for AWS Compute usage,,,,,,,,,,global,,,,,,,,,,,,,,,,,,,,,,,153.6,arn:aws:savingsplans::274049312600:savingsplan/c976b0ab-a9a1-4952-9ca1-b0e623d5acc6,,153.6,,0.0,153.6,3yr,No Upfront,ComputeSavingsPlans,Any,2020-01-10T06:39:26.000Z,2023-01-09T06:39:25.000Z,***,***,***,***,***,***,***,***,***,***,***
178,7xnz5v6qvkmkwxoj3mzj762kvzdib4gp6irmshwxopms5y7ql5ca,455712485,AWS,Anniversary,829432956742,2020-04-01T00:00:00Z,274049312600,SavingsPlanRecurringFee,2020-04-07T00:00:00Z,2020-04-08T00:00:00Z,ComputeSP:3yrNoUpfront,,,,24.0,,,6.4,153.6,3 year No Upfront Compute Savings Plan,Savings Plans for AWS Compute usage,,,,,,,,,,global,,,,,,,,,,,,,,,,,,,,,,,153.6,arn:aws:savingsplans::274049312600:savingsplan/c976b0ab-a9a1-4952-9ca1-b0e623d5acc6,,153.6,,0.0,153.6,3yr,No Upfront,ComputeSavingsPlans,Any,2020-01-10T06:39:26.000Z,2023-01-09T06:39:25.000Z,***,***,***,***,***,***,***,***,***,***,***
179,7xnz5v6qvkmkwxoj3mzj762kvzdib4gp6irmshwxopms5y7ql5ca,455712485,AWS,Anniversary,829432956742,2020-04-01T00:00:00Z,274049312600,SavingsPlanRecurringFee,2020-04-02T00:00:00Z,2020-04-03T00:00:00Z,ComputeSP:3yrNoUpfront,,,,24.0,,,6.4,153.6,3 year No Upfront Compute Savings Plan,Savings Plans for AWS Compute usage,,,,,,,,,,global,,,,,,,,,,,,,,,,,,,,,,,153.6,arn:aws:savingsplans::274049312600:savingsplan/c976b0ab-a9a1-4952-9ca1-b0e623d5acc6,,153.6,,0.0,153.6,3yr,No Upfront,ComputeSavingsPlans,Any,2020-01-10T06:39:26.000Z,2023-01-09T06:39:25.000Z,***,***,***,***,***,***,***,***,***,***,***
180,7xnz5v6qvkmkwxoj3mzj762kvzdib4gp6irmshwxopms5y7ql5ca,455712485,AWS,Anniversary,829432956742,2020-04-01T00:00:00Z,274049312600,SavingsPlanRecurringFee,2020-04-16T00:00:00Z,2020-04-17T00:00:00Z,ComputeSP:3yrNoUpfront,,,,24.0,,,6.4,153.6,3 year No Upfront Compute Savings Plan,Savings Plans for AWS Compute usage,,,,,,,,,,global,,,,,,,,,,,,,,,,,,,,,,,153.6,arn:aws:savingsplans::274049312600:savingsplan/c976b0ab-a9a1-4952-9ca1-b0e623d5acc6,,153.6,,0.0,153.6,3yr,No Upfront,ComputeSavingsPlans,Any,2020-01-10T06:39:26.000Z,2023-01-09T06:39:25.000Z,***,***,***,***,***,***,***,***,***,***,***
181,7xnz5v6qvkmkwxoj3mzj762kvzdib4gp6irmshwxopms5y7ql5ca,455712485,AWS,Anniversary,829432956742,2020-04-01T00:00:00Z,274049312600,SavingsPlanRecurringFee,2020-04-11T00:00:00Z,2020-04-12T00:00:00Z,ComputeSP:3yrNoUpfront,,,,24.0,,,6.4,153.6,3 year No Upfront Compute Savings Plan,Savings Plans for AWS Compute usage,,,,,,,,,,global,,,,,,,,,,,,,,,,,,,,,,,153.6,arn:aws:savingsplans::274049312600:savingsplan/c976b0ab-a9a1-4952-9ca1-b0e623d5acc6,,153.6,,0.0,153.6,3yr,No Upfront,ComputeSavingsPlans,Any,2020-01-10T06:39:26.000Z,2023-01-09T06:39:25.000Z,***,***,***,***,***,***,***,***,***,***,***
182,7xnz5v6qvkmkwxoj3mzj762kvzdib4gp6irmshwxopms5y7ql5ca,455712485,AWS,Anniversary,829432956742,2020-04-01T00:00:00Z,274049312600,SavingsPlanRecurringFee,2020-04-17T00:00:00Z,2020-04-18T00:00:00Z,ComputeSP:3yrNoUpfront,,,,24.0,,,6.4,153.6,3 year No Upfront Compute Savings Plan,Savings Plans for AWS Compute usage,,,,,,,,,,global,,,,,,,,,,,,,,,,,,,,,,,153.6,arn:aws:savingsplans::274049312600:savingsplan/c976b0ab-a9a1-4952-9ca1-b0e623d5acc6,,153.6,,0.0,153.6,3yr,No Upfront,ComputeSavingsPlans,Any,2020-01-10T06:39:26.000Z,2023-01-09T06:39:25.000Z,***,***,***,***,***,***,***,***,***,***,***
183,7xnz5v6qvkmkwxoj3mzj762kvzdib4gp6irmshwxopms5y7ql5ca,455712485,AWS,Anniversary,829432956742,2020-04-01T00:00:00Z,274049312600,SavingsPlanRecurringFee,2020-04-13T00:00:00Z,2020-04-14T00:00:00Z,ComputeSP:3yrNoUpfront,,,,24.0,,,6.4,153.6,3 year No Upfront Compute Savings Plan,Savings Plans for AWS Compute usage,,,,,,,,,,global,,,,,,,,,,,,,,,,,,,,,,,153.6,arn:aws:savingsplans::274049312600:savingsplan/c976b0ab-a9a1-4952-9ca1-b0e623d5acc6,,153.6,,0.0,153.6,3yr,No Upfront,ComputeSavingsPlans,Any,2020-01-10T06:39:26.000Z,2023-01-09T06:39:25.000Z,***,***,***,***,***,***,***,***,***,***,***
184,7xnz5v6qvkmkwxoj3mzj762kvzdib4gp6irmshwxopms5y7ql5ca,455712485,AWS,Anniversary,829432956742,2020-04-01T00:00:00Z,274049312600,SavingsPlanRecurringFee,2020-04-12T00:00:00Z,2020-04-13T00:00:00Z,ComputeSP:3yrNoUpfront,,,,24.0,,,6.4,153.6,3 year No Upfront Compute Savings Plan,Savings Plans for AWS Compute usage,,,,,,,,,,global,,,,,,,,,,,,,,,,,,,,,,,153.6,arn:aws:savingsplans::274049312600:savingsplan/c976b0ab-a9a1-4952-9ca1-b0e623d5acc6,,153.6,,0.0,153.6,3yr,No Upfront,ComputeSavingsPlans,Any,2020-01-10T06:39:26.000Z,2023-01-09T06:39:25.000Z,***,***,***,***,***,***,***,***,***,***,***
185,7xnz5v6qvkmkwxoj3mzj762kvzdib4gp6irmshwxopms5y7ql5ca,455712485,AWS,Anniversary,829432956742,2020-04-01T00:00:00Z,274049312600,SavingsPlanRecurringFee,2020-04-18T00:00:00Z,2020-04-19T00:00:00Z,ComputeSP:3yrNoUpfront,,,,24.0,,,6.4,153.6,3 year No Upfront Compute Savings Plan,Savings Plans for AWS Compute usage,,,,,,,,,,global,,,,,,,,,,,,,,,,,,,,,,,153.6,arn:aws:savingsplans::274049312600:savingsplan/c976b0ab-a9a1-4952-9ca1-b0e623d5acc6,,153.6,,0.0,153.6,3yr,No Upfront,ComputeSavingsPlans,Any,2020-01-10T06:39:26.000Z,2023-01-09T06:39:25.000Z,***,***,***,***,***,***,***,***,***,***,***
186,7xnz5v6qvkmkwxoj3mzj762kvzdib4gp6irmshwxopms5y7ql5ca,455712485,AWS,Anniversary,829432956742,2020-04-01T00:00:00Z,274049312600,SavingsPlanRecurringFee,2020-04-05T00:00:00Z,2020-04-06T00:00:00Z,ComputeSP:3yrNoUpfront,,,,24.0,,,6.4,153.6,3 year No Upfront Compute Savings Plan,Savings Plans for AWS Compute usage,,,,,,,,,,global,,,,,,,,,,,,,,,,,,,,,,,153.6,arn:aws:savingsplans::274049312600:savingsplan/c976b0ab-a9a1-4952-9ca1-b0e623d5acc6,,153.6,,0.0,153.6,3yr,No Upfront,ComputeSavingsPlans,Any,2020-01-10T06:39:26.000Z,2023-01-09T06:39:25.000Z,***,***,***,***,***,***,***,***,***,***,***
187,7xnz5v6qvkmkwxoj3mzj762kvzdib4gp6irmshwxopms5y7ql5ca,455712485,AWS,Anniversary,829432956742,2020-04-01T00:00:00Z,274049312600,SavingsPlanRecurringFee,2020-04-06T00:00:00Z,2020-04-07T00:00:00Z,ComputeSP:3yrNoUpfront,,,,24.0,,,6.4,153.6,3 year No Upfront Compute Savings Plan,Savings Plans for AWS Compute usage,,,,,,,,,,global,,,,,,,,,,,,,,,,,,,,,,,153.6,arn:aws:savingsplans::274049312600:savingsplan/c976b0ab-a9a1-4952-9ca1-b0e623d5acc6,,153.6,,0.0,153.6,3yr,No Upfront,ComputeSavingsPlans,Any,2020-01-10T06:39:26.000Z,2023-01-09T06:39:25.000Z,***,***,***,***,***,***,***,***,***,***,***
188,7xnz5v6qvkmkwxoj3mzj762kvzdib4gp6irmshwxopms5y7ql5ca,455712485,AWS,Anniversary,829432956742,2020-04-01T00:00:00Z,274049312600,SavingsPlanRecurringFee,2020-04-15T00:00:00Z,2020-04-16T00:00:00Z,ComputeSP:3yrNoUpfront,,,,24.0,,,6.4,153.6,3 year No Upfront Compute Savings Plan,Savings Plans for AWS Compute usage,,,,,,,,,,global,,,,,,,,,,,,,,,,,,,,,,,153.6,arn:aws:savingsplans::274049312600:savingsplan/c976b0ab-a9a1-4952-9ca1-b0e623d5acc6,,153.6,,0.0,153.6,3yr,No Upfront,ComputeSavingsPlans,Any,2020-01-10T06:39:26.000Z,2023-01-09T06:39:25.000Z,***,***,***,***,***,***,***,***,***,***,***
189,7xnz5v6qvkmkwxoj3mzj762kvzdib4gp6irmshwxopms5y7ql5ca,455712485,AWS,Anniversary,829432956742,2020-04-01T00:00:00Z,274049312600,SavingsPlanRecurringFee,2020-04-01T00:00:00Z,2020-04-02T00:00:00Z,ComputeSP:3yrNoUpfront,,,,24.0,,,6.4,153.6,3 year No Upfront Compute Savings Plan,Savings Plans for AWS Compute usage,,,,,,,,,,global,,,,,,,,,,,,,,,,,,,,,,,153.6,arn:aws:savingsplans::274049312600:savingsplan/c976b0ab-a9a1-4952-9ca1-b0e623d5acc6,,153.6,,0.0,153.6,3yr,No Upfront,ComputeSavingsPlans,Any,2020-01-10T06:39:26.000Z,2023-01-09T06:39:25.000Z,***,***,***,***,***,***,***,***,***,***,***
190,7xnz5v6qvkmkwxoj3mzj762kvzdib4gp6irmshwxopms5y7ql5ca,455712485,AWS,Anniversary,829432956742,2020-04-01T00:00:00Z,274049312600,SavingsPlanRecurringFee,2020-04-10T00:00:00Z,2020-04-11T00:00:00Z,ComputeSP:3yrNoUpfront,,,,24.0,,,6.4,153.6,3 year No Upfront Compute Savings Plan,Savings Plans for AWS Compute usage,,,,,,,,,,global,,,,,,,,,,,,,,,,,,,,,,,153.6,arn:aws:savingsplans::274049312600:savingsplan/c976b0ab-a9a1-4952-9ca1-b0e623d5acc6,,153.6,,0.0,153.6,3yr,No Upfront,ComputeSavingsPlans,Any,2020-01-10T06:39:26.000Z,2023-01-09T06:39:25.000Z,***,***,***,***,***,***,***,***,***,***,***
191,7xnz5v6qvkmkwxoj3mzj762kvzdib4gp6irmshwxopms5y7ql5ca,455712485,AWS,Anniversary,829432956742,2020-04-01T00:00:00Z,274049312600,SavingsPlanRecurringFee,2020-04-14T00:00:00Z,2020-04-15T00:00:00Z,ComputeSP:3yrNoUpfront,,,,24.0,,,6.4,153.6,3 year No Upfront Compute Savings Plan,Savings Plans for AWS Compute usage,,,,,,,,,,global,,,,,,,,,,,,,,,,,,,,,,,153.6,arn:aws:savingsplans::274049312600:savingsplan/c976b0ab-a9a1-4952-9ca1-b0e623d5acc6,,153.6,,0.0,153.6,3yr,No Upfront,ComputeSavingsPlans,Any,2020-01-10T06:39:26.000Z,2023-01-09T06:39:25.000Z,***,***,***,***,***,***,***,***,***,***,***
192,7xnz5v6qvkmkwxoj3mzj762kvzdib4gp6irmshwxopms5y7ql5ca,455712485,AWS,Anniversary,829432956742,2020-04-01T00:00:00Z,274049312600,SavingsPlanRecurringFee,2020-04-20T00:00:00Z,2020-04-20T03:00:00Z,ComputeSP:3yrNoUpfront,,,,3.0,,,6.4,19.2,3 year No Upfront Compute Savings Plan,Savings Plans for AWS Compute usage,,,,,,,,,,global,,,,,,,,,,,,,,,,,,,,,,,19.2,arn:aws:savingsplans::274049312600:savingsplan/c976b0ab-a9a1-4952-9ca1-b0e623d5acc6,,19.2,,0.0,19.2,3yr,No Upfront,ComputeSavingsPlans,Any,2020-01-10T06:39:26.000Z,2023-01-09T06:39:25.000Z,***,***,***,***,***,***,***,***,***,***,***
193,7xnz5v6qvkmkwxoj3mzj762kvzdib4gp6irmshwxopms5y7ql5ca,455712485,AWS,Anniversary,829432956742,2020-04-01T00:00:00Z,274049312600,SavingsPlanRecurringFee,2020-04-03T00:00:00Z,2020-04-04T00:00:00Z,ComputeSP:3yrNoUpfront,,,,24.0,,,6.4,153.6,3 year No Upfront Compute Savings Plan,Savings Plans for AWS Compute usage,,,,,,,,,,global,,,,,,,,,,,,,,,,,,,,,,,153.6,arn:aws:savingsplans::274049312600:savingsplan/c976b0ab-a9a1-4952-9ca1-b0e623d5acc6,,153.6,,0.0,153.6,3yr,No Upfront,ComputeSavingsPlans,Any,2020-01-10T06:39:26.000Z,2023-01-09T06:39:25.000Z,***,***,***,***,***,***,***,***,***,***,***
