Unnamed: 0,identity/LineItemId,bill/InvoiceId,bill/BillingEntity,bill/BillType,bill/PayerAccountId,bill/BillingPeriodStartDate,lineItem/UsageAccountId,lineItem/LineItemType,lineItem/UsageStartDate,lineItem/UsageEndDate,lineItem/UsageType,lineItem/Operation,lineItem/AvailabilityZone,lineItem/ResourceId,lineItem/UsageAmount,lineItem/NormalizationFactor,lineItem/NormalizedUsageAmount,lineItem/UnblendedRate,lineItem/UnblendedCost,lineItem/LineItemDescription,product/ProductName,product/cacheEngine,product/databaseEdition,product/databaseEngine,product/deploymentOption,product/instanceType,product/instanceTypeFamily,product/licenseModel,product/location,product/operatingSystem,product/region,product/tenancy,pricing/LeaseContractLength,pricing/OfferingClass,pricing/PurchaseOption,pricing/publicOnDemandRate,pricing/term,reservation/AmortizedUpfrontCostForUsage,reservation/AmortizedUpfrontFeeForBillingPeriod,reservation/EffectiveCost,reservation/EndTime,reservation/ModificationStatus,reservation/NumberOfReservations,reservation/RecurringFeeForUsage,reservation/ReservationARN,reservation/StartTime,reservation/SubscriptionId,reservation/TotalReservedUnits,reservation/UnusedAmortizedUpfrontFeeForBillingPeriod,reservation/UnusedNormalizedUnitQuantity,reservation/UnusedQuantity,reservation/UnusedRecurringFee,reservation/UpfrontValue,savingsPlan/TotalCommitmentToDate,savingsPlan/SavingsPlanARN,savingsPlan/SavingsPlanRate,savingsPlan/UsedCommitment,savingsPlan/SavingsPlanEffectiveCost,savingsPlan/AmortizedUpfrontCommitmentForBillingPeriod,savingsPlan/RecurringCommitmentForBillingPeriod,savingsPlan/PurchaseTerm,savingsPlan/PaymentOption,savingsPlan/OfferingType,savingsPlan/Region,savingsPlan/StartTime,savingsPlan/EndTime,resourceTags/aws:createdBy,resourceTags/user:Billing,resourceTags/user:EBS,resourceTags/user:EC2,resourceTags/user:Environment,resourceTags/user:Name,resourceTags/user:Project,resourceTags/user:RDS,resourceTags/user:Site,resourceTags/user:autotag,resourceTags/user:ext01
7,csuku3bpfxkzitkcindkm2cv2il6qlywr2plydscag7ucl4qlkoq,455712485,AWS,Anniversary,829432956742,2020-04-01T00:00:00Z,484234319610,Tax,2020-04-06T08:00:00Z,2020-04-20T02:00:01Z,APE1-BoxUsage:t3.nano,RunInstances:0002,,,1.0,,,,0.0,Tax for product code AmazonEC2 usage type APE1-BoxUsage:t3.nano operation RunInstances:0002,Amazon Elastic Compute Cloud,,,,,,,,,,,,,,,,,,,,,,,,,,,,,,,,,,,,,,,,,,,,,,***,***,***,***,***,***,***,***,***,***,***
8,273fkgcfpsm26lhepa3k6ac7zzwjqs2j3k5far27k35dy5kitw4q,455712485,AWS,Anniversary,829432956742,2020-04-01T00:00:00Z,484234319610,Tax,2020-04-06T08:00:00Z,2020-04-20T02:00:01Z,APE1-BoxUsage:t3.medium,RunInstances:0002,,,1.0,,,,0.02,Tax for product code AmazonEC2 usage type APE1-BoxUsage:t3.medium operation RunInstances:0002,Amazon Elastic Compute Cloud,,,,,,,,,,,,,,,,,,,,,,,,,,,,,,,,,,,,,,,,,,,,,,***,***,***,***,***,***,***,***,***,***,***
9,cgujckdmdb3uxhvfpxoa4qng2sfbtsrgjwa4xeusy4tz5swpmvva,455712485,AWS,Anniversary,829432956742,2020-04-01T00:00:00Z,484234319610,Tax,2020-04-06T08:00:00Z,2020-04-20T02:00:01Z,APE1-BoxUsage:t3.large,RunInstances:0002,,,1.0,,,,0.01,Tax for product code AmazonEC2 usage type APE1-BoxUsage:t3.large operation RunInstances:0002,Amazon Elastic Compute Cloud,,,,,,,,,,,,,,,,,,,,,,,,,,,,,,,,,,,,,,,,,,,,,,***,***,***,***,***,***,***,***,***,***,***
10,gbv7ef7sopq5dr27eo4hx2tb6ewc7viejx6grx37iwmu6sxkcrhq,455712485,AWS,Anniversary,829432956742,2020-04-01T00:00:00Z,484234319610,Tax,2020-04-06T08:00:00Z,2020-04-20T02:00:01Z,APE1-DataTransfer-Out-Bytes,,,,1.0,,,,0.0,Tax for product code AWSDataTransfer usage type APE1-DataTransfer-Out-Bytes,AWS Data Transfer,,,,,,,,,,,,,,,,,,,,,,,,,,,,,,,,,,,,,,,,,,,,,,***,***,***,***,***,***,***,***,***,***,***
11,f6ell6cyoi5v7dwzwkqu424wdqfo5ipms5a65wtyuefscfmmvi4a,455712485,AWS,Anniversary,829432956742,2020-04-01T00:00:00Z,484234319610,Tax,2020-04-06T08:00:00Z,2020-05-01T00:00:00Z,APE1-EBS:VolumeUsage.gp2,,,,1.0,,,,0.15,Tax for product code AmazonEC2 usage type APE1-EBS:VolumeUsage.gp2,Amazon Elastic Compute Cloud,,,,,,,,,,,,,,,,,,,,,,,,,,,,,,,,,,,,,,,,,,,,,,***,***,***,***,***,***,***,***,***,***,***
12,2y3cz4cjuxfevgmovlsofvy3xiqedrb3ydm2wgkdzg2ql5uu3pmq,455712485,AWS,Anniversary,829432956742,2020-04-01T00:00:00Z,484234319610,Tax,2020-04-06T08:00:00Z,2020-05-01T00:00:00Z,APE1-EBS:SnapshotUsage,,,,1.0,,,,0.03,Tax for product code AmazonEC2 usage type APE1-EBS:SnapshotUsage,Amazon Elastic Compute Cloud,,,,,,,,,,,,,,,,,,,,,,,,,,,,,,,,,,,,,,,,,,,,,,***,***,***,***,***,***,***,***,***,***,***
676,afuuo3nawzr5doldgej5iejiwpwftofiscs44ylxo5f56j3vjywq,455712485,AWS,Anniversary,829432956742,2020-04-01T00:00:00Z,484234319610,Usage,2020-04-11T23:00:00Z,2020-04-12T00:00:00Z,APE1-EBS:SnapshotUsage,CreateSnapshot,,arn:aws:ec2:ap-east-1:0484234319610:snapshot/snap-0881ca14244467e16,0.4735677083,,,0.055,0.026046224,USD0.055 per GB-Mo for EBS:SnapshotUsage in Asia Pacific (Hong Kong),Amazon Elastic Compute Cloud,,,,,,,,Asia Pacific (Hong Kong),,ap-east-1,,,,,0.055,OnDemand,,,,,,,,,,3288230330.0,,,,,,,,,,,,,,,,,,,,***,***,***,***,***,***,***,***,***,***,***
677,ubdukt3p3f3u4p2ydlrbvefw72zkaiji6k6k7wf3okxicz7zcxoa,455712485,AWS,Anniversary,829432956742,2020-04-01T00:00:00Z,484234319610,Usage,2020-04-21T23:00:00Z,2020-04-22T00:00:00Z,APE1-EBS:SnapshotUsage,CreateSnapshot,,arn:aws:ec2:ap-east-1:0484234319610:snapshot/snap-055191ef17cdb883a,0.4735677083,,,0.055,0.026046224,USD0.055 per GB-Mo for EBS:SnapshotUsage in Asia Pacific (Hong Kong),Amazon Elastic Compute Cloud,,,,,,,,Asia Pacific (Hong Kong),,ap-east-1,,,,,0.055,OnDemand,,,,,,,,,,3288230330.0,,,,,,,,,,,,,,,,,,,,***,***,***,***,***,***,***,***,***,***,***
678,afuuo3nawzr5doldgej5iejiwpwftofiscs44ylxo5f56j3vjywq,455712485,AWS,Anniversary,829432956742,2020-04-01T00:00:00Z,484234319610,Usage,2020-04-16T23:00:00Z,2020-04-17T00:00:00Z,APE1-EBS:SnapshotUsage,CreateSnapshot,,arn:aws:ec2:ap-east-1:0484234319610:snapshot/snap-0881ca14244467e16,0.4735677083,,,0.055,0.026046224,USD0.055 per GB-Mo for EBS:SnapshotUsage in Asia Pacific (Hong Kong),Amazon Elastic Compute Cloud,,,,,,,,Asia Pacific (Hong Kong),,ap-east-1,,,,,0.055,OnDemand,,,,,,,,,,3288230330.0,,,,,,,,,,,,,,,,,,,,***,***,***,***,***,***,***,***,***,***,***
679,kef6joczji6ckyusox4ohzacygnv2nzkodh6dkvsnpf2a4ir2yiq,455712485,AWS,Anniversary,829432956742,2020-04-01T00:00:00Z,484234319610,Usage,2020-04-23T00:00:00Z,2020-04-24T00:00:00Z,APE1-EBS:VolumeUsage.gp2,CreateVolume-Gp2,,vol-028ff7dd5257cc23e,1.0000000008,,,0.132,0.132,USD0.132 per GB-Mo for EBS:VolumeUsage.gp2 in Asia Pacific (Hong Kong),Amazon Elastic Compute Cloud,,,,,,,,Asia Pacific (Hong Kong),,ap-east-1,,,,,0.132,OnDemand,,,,,,,,,,3288230330.0,,,,,,,,,,,,,,,,,,,,***,***,***,***,***,***,***,***,***,***,***
680,i2tio2lljuaiiqv5rm5tdpunwxmpve4fwj4hrx7f4fhxvhbcsw4a,455712485,AWS,Anniversary,829432956742,2020-04-01T00:00:00Z,484234319610,Usage,2020-04-07T14:00:00Z,2020-04-07T16:00:00Z,APE1-DataTransfer-In-Bytes,RunInstances,,i-05001be66d0ef9713,0.2418185119,,,0.0,0.0,USD0.0 per GB for DataTransfer-In-Bytes in Asia Pacific (Hong Kong),Amazon Elastic Compute Cloud,,,,,,,,,,ap-east-1,,,,,0.0,OnDemand,,,,,,,,,,3288230331.0,,,,,,,,,,,,,,,,,,,,***,***,***,***,***,***,***,***,***,***,***
681,24zqwolub4nf2yqlpjrq5zuuksfbyp2hnpf5f7fw2ovxvfn4xiga,455712485,AWS,Anniversary,829432956742,2020-04-01T00:00:00Z,484234319610,Usage,2020-04-17T00:00:00Z,2020-04-17T14:00:00Z,APE1-EBS:VolumeUsage.gp2,CreateVolume-Gp2,,vol-011a93fe4575df8b9,0.5642245375,,,0.132,0.0744776388999999,USD0.132 per GB-Mo for EBS:VolumeUsage.gp2 in Asia Pacific (Hong Kong),Amazon Elastic Compute Cloud,,,,,,,,Asia Pacific (Hong Kong),,ap-east-1,,,,,0.132,OnDemand,,,,,,,,,,3288230330.0,,,,,,,,,,,,,,,,,,,,***,***,***,***,***,***,***,***,***,***,***
682,kef6joczji6ckyusox4ohzacygnv2nzkodh6dkvsnpf2a4ir2yiq,455712485,AWS,Anniversary,829432956742,2020-04-01T00:00:00Z,484234319610,Usage,2020-04-26T00:00:00Z,2020-04-27T00:00:00Z,APE1-EBS:VolumeUsage.gp2,CreateVolume-Gp2,,vol-028ff7dd5257cc23e,1.0000000008,,,0.132,0.132,USD0.132 per GB-Mo for EBS:VolumeUsage.gp2 in Asia Pacific (Hong Kong),Amazon Elastic Compute Cloud,,,,,,,,Asia Pacific (Hong Kong),,ap-east-1,,,,,0.132,OnDemand,,,,,,,,,,3288230330.0,,,,,,,,,,,,,,,,,,,,***,***,***,***,***,***,***,***,***,***,***
683,afuuo3nawzr5doldgej5iejiwpwftofiscs44ylxo5f56j3vjywq,455712485,AWS,Anniversary,829432956742,2020-04-01T00:00:00Z,484234319610,Usage,2020-04-10T23:00:00Z,2020-04-11T00:00:00Z,APE1-EBS:SnapshotUsage,CreateSnapshot,,arn:aws:ec2:ap-east-1:0484234319610:snapshot/snap-0881ca14244467e16,0.4735677083,,,0.055,0.026046224,USD0.055 per GB-Mo for EBS:SnapshotUsage in Asia Pacific (Hong Kong),Amazon Elastic Compute Cloud,,,,,,,,Asia Pacific (Hong Kong),,ap-east-1,,,,,0.055,OnDemand,,,,,,,,,,3288230330.0,,,,,,,,,,,,,,,,,,,,***,***,***,***,***,***,***,***,***,***,***
684,ubdukt3p3f3u4p2ydlrbvefw72zkaiji6k6k7wf3okxicz7zcxoa,455712485,AWS,Anniversary,829432956742,2020-04-01T00:00:00Z,484234319610,Usage,2020-04-28T23:00:00Z,2020-04-29T00:00:00Z,APE1-EBS:SnapshotUsage,CreateSnapshot,,arn:aws:ec2:ap-east-1:0484234319610:snapshot/snap-055191ef17cdb883a,0.4735677083,,,0.055,0.026046224,USD0.055 per GB-Mo for EBS:SnapshotUsage in Asia Pacific (Hong Kong),Amazon Elastic Compute Cloud,,,,,,,,Asia Pacific (Hong Kong),,ap-east-1,,,,,0.055,OnDemand,,,,,,,,,,3288230330.0,,,,,,,,,,,,,,,,,,,,***,***,***,***,***,***,***,***,***,***,***
685,lvlc4de4blvtgemnhlj7dmc22hw4dbhlrymtyngugtpogqeyj7nq,455712485,AWS,Anniversary,829432956742,2020-04-01T00:00:00Z,484234319610,Usage,2020-04-17T18:00:00Z,2020-04-17T19:00:00Z,APE1-APS1-AWS-Out-Bytes,PublicIP-Out,,i-0a6278ab6f458f9f9,3.974e-06,,,0.09,3.577000000000001e-07,$0.09 per GB - Asia Pacific (Hong Kong) data transfer to Asia Pacific (Singapore),Amazon Elastic Compute Cloud,,,,,,,,,,ap-east-1,,,,,0.09,OnDemand,,,,,,,,,,3288230331.0,,,,,,,,,,,,,,,,,,,,***,***,***,***,***,***,***,***,***,***,***
686,ewmxlou2p4yv3xyuraitgx7hfktosvfskfzttvkrytuqtnpbmllq,455712485,AWS,Anniversary,829432956742,2020-04-01T00:00:00Z,484234319610,Usage,2020-04-07T18:00:00Z,2020-04-07T19:00:00Z,APE1-EBS:VolumeUsage.gp2,CreateVolume-Gp2,,vol-0691d4e3cf6b8c05e,0.0034953704,,,0.132,0.0004613889,USD0.132 per GB-Mo for EBS:VolumeUsage.gp2 in Asia Pacific (Hong Kong),Amazon Elastic Compute Cloud,,,,,,,,Asia Pacific (Hong Kong),,ap-east-1,,,,,0.132,OnDemand,,,,,,,,,,3288230330.0,,,,,,,,,,,,,,,,,,,,***,***,***,***,***,***,***,***,***,***,***
687,ubdukt3p3f3u4p2ydlrbvefw72zkaiji6k6k7wf3okxicz7zcxoa,455712485,AWS,Anniversary,829432956742,2020-04-01T00:00:00Z,484234319610,Usage,2020-04-22T23:00:00Z,2020-04-23T00:00:00Z,APE1-EBS:SnapshotUsage,CreateSnapshot,,arn:aws:ec2:ap-east-1:0484234319610:snapshot/snap-055191ef17cdb883a,0.4735677083,,,0.055,0.026046224,USD0.055 per GB-Mo for EBS:SnapshotUsage in Asia Pacific (Hong Kong),Amazon Elastic Compute Cloud,,,,,,,,Asia Pacific (Hong Kong),,ap-east-1,,,,,0.055,OnDemand,,,,,,,,,,3288230330.0,,,,,,,,,,,,,,,,,,,,***,***,***,***,***,***,***,***,***,***,***
688,24zqwolub4nf2yqlpjrq5zuuksfbyp2hnpf5f7fw2ovxvfn4xiga,455712485,AWS,Anniversary,829432956742,2020-04-01T00:00:00Z,484234319610,Usage,2020-04-16T00:00:00Z,2020-04-17T00:00:00Z,APE1-EBS:VolumeUsage.gp2,CreateVolume-Gp2,,vol-011a93fe4575df8b9,1.0000000008,,,0.132,0.132,USD0.132 per GB-Mo for EBS:VolumeUsage.gp2 in Asia Pacific (Hong Kong),Amazon Elastic Compute Cloud,,,,,,,,Asia Pacific (Hong Kong),,ap-east-1,,,,,0.132,OnDemand,,,,,,,,,,3288230330.0,,,,,,,,,,,,,,,,,,,,***,***,***,***,***,***,***,***,***,***,***
689,ubdukt3p3f3u4p2ydlrbvefw72zkaiji6k6k7wf3okxicz7zcxoa,455712485,AWS,Anniversary,829432956742,2020-04-01T00:00:00Z,484234319610,Usage,2020-04-24T23:00:00Z,2020-04-25T00:00:00Z,APE1-EBS:SnapshotUsage,CreateSnapshot,,arn:aws:ec2:ap-east-1:0484234319610:snapshot/snap-055191ef17cdb883a,0.4735677083,,,0.055,0.026046224,USD0.055 per GB-Mo for EBS:SnapshotUsage in Asia Pacific (Hong Kong),Amazon Elastic Compute Cloud,,,,,,,,Asia Pacific (Hong Kong),,ap-east-1,,,,,0.055,OnDemand,,,,,,,,,,3288230330.0,,,,,,,,,,,,,,,,,,,,***,***,***,***,***,***,***,***,***,***,***
690,3najs7vaosd3stptfjj5qe4brfzq6qoxl55p5moyc5727l4njjoq,455712485,AWS,Anniversary,829432956742,2020-04-01T00:00:00Z,484234319610,Usage,2020-04-17T14:00:00Z,2020-04-17T19:00:00Z,APE1-DataTransfer-Out-Bytes,RunInstances,,i-0a6278ab6f458f9f9,0.0093739862,,,0.12,0.0011248783999999,USD0.12 per GB for DataTransfer-Out-Bytes in Asia Pacific (Hong Kong),Amazon Elastic Compute Cloud,,,,,,,,,,ap-east-1,,,,,0.12,OnDemand,,,,,,,,,,3288230331.0,,,,,,,,,,,,,,,,,,,,***,***,***,***,***,***,***,***,***,***,***
691,kz7a4wggffjtuc4drzuwe6lote473rj372zjjswqehdhuo6k5l7a,455712485,AWS,Anniversary,829432956742,2020-04-01T00:00:00Z,484234319610,Usage,2020-04-06T08:00:00Z,2020-04-06T09:00:00Z,USE2-CW:GMD-Metrics,GetMetricData,,,6.0,,,1e-05,6e-05,"$0.01 per 1,000 metrics requested using GetMetricData API - US East (Ohio)",AmazonCloudWatch,,,,,,,,US East (Ohio),,us-east-2,,,,,1e-05,OnDemand,,,,,,,,,,3288230473.0,,,,,,,,,,,,,,,,,,,,***,***,***,***,***,***,***,***,***,***,***
692,ubdukt3p3f3u4p2ydlrbvefw72zkaiji6k6k7wf3okxicz7zcxoa,455712485,AWS,Anniversary,829432956742,2020-04-01T00:00:00Z,484234319610,Usage,2020-04-18T23:00:00Z,2020-04-19T00:00:00Z,APE1-EBS:SnapshotUsage,CreateSnapshot,,arn:aws:ec2:ap-east-1:0484234319610:snapshot/snap-055191ef17cdb883a,0.4735677083,,,0.055,0.026046224,USD0.055 per GB-Mo for EBS:SnapshotUsage in Asia Pacific (Hong Kong),Amazon Elastic Compute Cloud,,,,,,,,Asia Pacific (Hong Kong),,ap-east-1,,,,,0.055,OnDemand,,,,,,,,,,3288230330.0,,,,,,,,,,,,,,,,,,,,***,***,***,***,***,***,***,***,***,***,***
693,fwxdkmxsnrmvg5syi6vqyj376bvnsny4qbkjhgaipq55rzvddnca,455712485,AWS,Anniversary,829432956742,2020-04-01T00:00:00Z,484234319610,Usage,2020-04-17T14:00:00Z,2020-04-17T19:00:00Z,APE1-DataTransfer-In-Bytes,RunInstances,,i-0a6278ab6f458f9f9,0.0330226282,,,0.0,0.0,USD0.0 per GB for DataTransfer-In-Bytes in Asia Pacific (Hong Kong),Amazon Elastic Compute Cloud,,,,,,,,,,ap-east-1,,,,,0.0,OnDemand,,,,,,,,,,3288230331.0,,,,,,,,,,,,,,,,,,,,***,***,***,***,***,***,***,***,***,***,***
694,dqsbz6o4atlknxfksfiuyo5j2tjyd565g6dw2yr5bkscqhri6s5a,455712485,AWS,Anniversary,829432956742,2020-04-01T00:00:00Z,484234319610,Usage,2020-04-17T16:00:00Z,2020-04-17T17:00:00Z,APE1-USE1-AWS-In-Bytes,RunInstances,,i-0a6278ab6f458f9f9,0.0003502211,,,0.0,0.0,USD0.0 per GB for USE1-AWS-In-Bytes in Asia Pacific (Hong Kong),Amazon Elastic Compute Cloud,,,,,,,,,,ap-east-1,,,,,0.0,OnDemand,,,,,,,,,,3288230331.0,,,,,,,,,,,,,,,,,,,,***,***,***,***,***,***,***,***,***,***,***
695,ntlsv2st3j5evpxcn6v76xockmvm2etlywsjvqyxmcbrupgmmwja,455712485,AWS,Anniversary,829432956742,2020-04-01T00:00:00Z,484234319610,Usage,2020-04-17T18:00:00Z,2020-04-17T19:00:00Z,APE1-APN2-AWS-In-Bytes,PublicIP-In,,i-0a6278ab6f458f9f9,6.0620000000000006e-06,,,0.0,0.0,USD0.0 per GB for APN2-AWS-In-Bytes in Asia Pacific (Hong Kong),Amazon Elastic Compute Cloud,,,,,,,,,,ap-east-1,,,,,0.0,OnDemand,,,,,,,,,,3288230331.0,,,,,,,,,,,,,,,,,,,,***,***,***,***,***,***,***,***,***,***,***
696,kef6joczji6ckyusox4ohzacygnv2nzkodh6dkvsnpf2a4ir2yiq,455712485,AWS,Anniversary,829432956742,2020-04-01T00:00:00Z,484234319610,Usage,2020-04-22T00:00:00Z,2020-04-23T00:00:00Z,APE1-EBS:VolumeUsage.gp2,CreateVolume-Gp2,,vol-028ff7dd5257cc23e,1.0000000008,,,0.132,0.132,USD0.132 per GB-Mo for EBS:VolumeUsage.gp2 in Asia Pacific (Hong Kong),Amazon Elastic Compute Cloud,,,,,,,,Asia Pacific (Hong Kong),,ap-east-1,,,,,0.132,OnDemand,,,,,,,,,,3288230330.0,,,,,,,,,,,,,,,,,,,,***,***,***,***,***,***,***,***,***,***,***
697,tt2bovakxrtmjtxja4jazqr6phodkdrecwij3nc6icpqo72pi3na,455712485,AWS,Anniversary,829432956742,2020-04-01T00:00:00Z,484234319610,Usage,2020-04-17T18:00:00Z,2020-04-17T19:00:00Z,APE1-EUC1-AWS-Out-Bytes,PublicIP-Out,,i-0a6278ab6f458f9f9,9.2639e-06,,,0.09,8.338e-07,USD0.09 per GB for EUC1-AWS-Out-Bytes in Asia Pacific (Hong Kong),Amazon Elastic Compute Cloud,,,,,,,,,,ap-east-1,,,,,0.09,OnDemand,,,,,,,,,,3288230331.0,,,,,,,,,,,,,,,,,,,,***,***,***,***,***,***,***,***,***,***,***
698,zmd6sydqdyn3dsmpux6nd7cv6c76rzbws5fottrzypaf2iqful2a,455712485,AWS,Anniversary,829432956742,2020-04-01T00:00:00Z,484234319610,Usage,2020-04-17T16:00:00Z,2020-04-17T19:00:00Z,APE1-APN1-AWS-In-Bytes,PublicIP-In,,i-0a6278ab6f458f9f9,2.03242e-05,,,0.0,0.0,USD0.0 per GB for APN1-AWS-In-Bytes in Asia Pacific (Hong Kong),Amazon Elastic Compute Cloud,,,,,,,,,,ap-east-1,,,,,0.0,OnDemand,,,,,,,,,,3288230331.0,,,,,,,,,,,,,,,,,,,,***,***,***,***,***,***,***,***,***,***,***
699,xtoyknbmxwugxjc6mbn6qw3p4q2ua222fy6qlcxhvtk2pt5yxlvq,455712485,AWS,Anniversary,829432956742,2020-04-01T00:00:00Z,484234319610,Usage,2020-04-17T16:00:00Z,2020-04-17T19:00:00Z,APE1-CloudFront-In-Bytes,RunInstances,,i-0a6278ab6f458f9f9,0.0002491548,,,0.0,0.0,USD0.0 per GB for CloudFront-In-Bytes in Asia Pacific (Hong Kong),Amazon Elastic Compute Cloud,,,,,,,,,,ap-east-1,,,,,0.0,OnDemand,,,,,,,,,,3288230331.0,,,,,,,,,,,,,,,,,,,,***,***,***,***,***,***,***,***,***,***,***
700,ubdukt3p3f3u4p2ydlrbvefw72zkaiji6k6k7wf3okxicz7zcxoa,455712485,AWS,Anniversary,829432956742,2020-04-01T00:00:00Z,484234319610,Usage,2020-04-20T23:00:00Z,2020-04-21T00:00:00Z,APE1-EBS:SnapshotUsage,CreateSnapshot,,arn:aws:ec2:ap-east-1:0484234319610:snapshot/snap-055191ef17cdb883a,0.4735677083,,,0.055,0.026046224,USD0.055 per GB-Mo for EBS:SnapshotUsage in Asia Pacific (Hong Kong),Amazon Elastic Compute Cloud,,,,,,,,Asia Pacific (Hong Kong),,ap-east-1,,,,,0.055,OnDemand,,,,,,,,,,3288230330.0,,,,,,,,,,,,,,,,,,,,***,***,***,***,***,***,***,***,***,***,***
701,afuuo3nawzr5doldgej5iejiwpwftofiscs44ylxo5f56j3vjywq,455712485,AWS,Anniversary,829432956742,2020-04-01T00:00:00Z,484234319610,Usage,2020-04-15T23:00:00Z,2020-04-16T00:00:00Z,APE1-EBS:SnapshotUsage,CreateSnapshot,,arn:aws:ec2:ap-east-1:0484234319610:snapshot/snap-0881ca14244467e16,0.4735677083,,,0.055,0.026046224,USD0.055 per GB-Mo for EBS:SnapshotUsage in Asia Pacific (Hong Kong),Amazon Elastic Compute Cloud,,,,,,,,Asia Pacific (Hong Kong),,ap-east-1,,,,,0.055,OnDemand,,,,,,,,,,3288230330.0,,,,,,,,,,,,,,,,,,,,***,***,***,***,***,***,***,***,***,***,***
702,24zqwolub4nf2yqlpjrq5zuuksfbyp2hnpf5f7fw2ovxvfn4xiga,455712485,AWS,Anniversary,829432956742,2020-04-01T00:00:00Z,484234319610,Usage,2020-04-10T00:00:00Z,2020-04-11T00:00:00Z,APE1-EBS:VolumeUsage.gp2,CreateVolume-Gp2,,vol-011a93fe4575df8b9,1.0000000008,,,0.132,0.132,USD0.132 per GB-Mo for EBS:VolumeUsage.gp2 in Asia Pacific (Hong Kong),Amazon Elastic Compute Cloud,,,,,,,,Asia Pacific (Hong Kong),,ap-east-1,,,,,0.132,OnDemand,,,,,,,,,,3288230330.0,,,,,,,,,,,,,,,,,,,,***,***,***,***,***,***,***,***,***,***,***
703,afuuo3nawzr5doldgej5iejiwpwftofiscs44ylxo5f56j3vjywq,455712485,AWS,Anniversary,829432956742,2020-04-01T00:00:00Z,484234319610,Usage,2020-04-07T23:00:00Z,2020-04-08T00:00:00Z,APE1-EBS:SnapshotUsage,CreateSnapshot,,arn:aws:ec2:ap-east-1:0484234319610:snapshot/snap-0881ca14244467e16,0.1381239149,,,0.055,0.0075968153,USD0.055 per GB-Mo for EBS:SnapshotUsage in Asia Pacific (Hong Kong),Amazon Elastic Compute Cloud,,,,,,,,Asia Pacific (Hong Kong),,ap-east-1,,,,,0.055,OnDemand,,,,,,,,,,3288230330.0,,,,,,,,,,,,,,,,,,,,***,***,***,***,***,***,***,***,***,***,***
704,3adj55y47jdiabtat3wixotxaztgb2hu23xtpbucuksym2lkaola,455712485,AWS,Anniversary,829432956742,2020-04-01T00:00:00Z,484234319610,Usage,2020-04-07T14:00:00Z,2020-04-07T16:00:00Z,APE1-BoxUsage:t3.medium,RunInstances:0002,ap-east-1b,i-05001be66d0ef9713,2.0,2.0,4.0,0.0768,0.1536,$0.0768 per On Demand Windows t3.medium Instance Hour,Amazon Elastic Compute Cloud,,,,,t3.medium,t3,No License required,Asia Pacific (Hong Kong),Windows,ap-east-1,Shared,,,,0.0768,OnDemand,,,,,,,,,,3288230330.0,,,,,,,,,,,,,,,,,,,,***,***,***,***,***,***,***,***,***,***,***
705,afuuo3nawzr5doldgej5iejiwpwftofiscs44ylxo5f56j3vjywq,455712485,AWS,Anniversary,829432956742,2020-04-01T00:00:00Z,484234319610,Usage,2020-04-12T23:00:00Z,2020-04-13T00:00:00Z,APE1-EBS:SnapshotUsage,CreateSnapshot,,arn:aws:ec2:ap-east-1:0484234319610:snapshot/snap-0881ca14244467e16,0.4735677083,,,0.055,0.026046224,USD0.055 per GB-Mo for EBS:SnapshotUsage in Asia Pacific (Hong Kong),Amazon Elastic Compute Cloud,,,,,,,,Asia Pacific (Hong Kong),,ap-east-1,,,,,0.055,OnDemand,,,,,,,,,,3288230330.0,,,,,,,,,,,,,,,,,,,,***,***,***,***,***,***,***,***,***,***,***
706,7pfhv47ek7oec27onfceeqh4pw534rwr5gpacs335wg5bfplwlsa,455712485,AWS,Anniversary,829432956742,2020-04-01T00:00:00Z,484234319610,Usage,2020-04-17T16:00:00Z,2020-04-17T19:00:00Z,APE1-APN1-AWS-Out-Bytes,PublicIP-Out,,i-0a6278ab6f458f9f9,8.8038e-06,,,0.09,7.923e-07,USD0.09 per GB for APN1-AWS-Out-Bytes in Asia Pacific (Hong Kong),Amazon Elastic Compute Cloud,,,,,,,,,,ap-east-1,,,,,0.09,OnDemand,,,,,,,,,,3288230331.0,,,,,,,,,,,,,,,,,,,,***,***,***,***,***,***,***,***,***,***,***
707,afuuo3nawzr5doldgej5iejiwpwftofiscs44ylxo5f56j3vjywq,455712485,AWS,Anniversary,829432956742,2020-04-01T00:00:00Z,484234319610,Usage,2020-04-08T23:00:00Z,2020-04-09T00:00:00Z,APE1-EBS:SnapshotUsage,CreateSnapshot,,arn:aws:ec2:ap-east-1:0484234319610:snapshot/snap-0881ca14244467e16,0.4735677083,,,0.055,0.026046224,USD0.055 per GB-Mo for EBS:SnapshotUsage in Asia Pacific (Hong Kong),Amazon Elastic Compute Cloud,,,,,,,,Asia Pacific (Hong Kong),,ap-east-1,,,,,0.055,OnDemand,,,,,,,,,,3288230330.0,,,,,,,,,,,,,,,,,,,,***,***,***,***,***,***,***,***,***,***,***
708,24zqwolub4nf2yqlpjrq5zuuksfbyp2hnpf5f7fw2ovxvfn4xiga,455712485,AWS,Anniversary,829432956742,2020-04-01T00:00:00Z,484234319610,Usage,2020-04-12T00:00:00Z,2020-04-13T00:00:00Z,APE1-EBS:VolumeUsage.gp2,CreateVolume-Gp2,,vol-011a93fe4575df8b9,1.0000000008,,,0.132,0.132,USD0.132 per GB-Mo for EBS:VolumeUsage.gp2 in Asia Pacific (Hong Kong),Amazon Elastic Compute Cloud,,,,,,,,Asia Pacific (Hong Kong),,ap-east-1,,,,,0.132,OnDemand,,,,,,,,,,3288230330.0,,,,,,,,,,,,,,,,,,,,***,***,***,***,***,***,***,***,***,***,***
709,24zqwolub4nf2yqlpjrq5zuuksfbyp2hnpf5f7fw2ovxvfn4xiga,455712485,AWS,Anniversary,829432956742,2020-04-01T00:00:00Z,484234319610,Usage,2020-04-08T00:00:00Z,2020-04-09T00:00:00Z,APE1-EBS:VolumeUsage.gp2,CreateVolume-Gp2,,vol-011a93fe4575df8b9,1.0000000008,,,0.132,0.132,USD0.132 per GB-Mo for EBS:VolumeUsage.gp2 in Asia Pacific (Hong Kong),Amazon Elastic Compute Cloud,,,,,,,,Asia Pacific (Hong Kong),,ap-east-1,,,,,0.132,OnDemand,,,,,,,,,,3288230330.0,,,,,,,,,,,,,,,,,,,,***,***,***,***,***,***,***,***,***,***,***
710,24zqwolub4nf2yqlpjrq5zuuksfbyp2hnpf5f7fw2ovxvfn4xiga,455712485,AWS,Anniversary,829432956742,2020-04-01T00:00:00Z,484234319610,Usage,2020-04-14T00:00:00Z,2020-04-15T00:00:00Z,APE1-EBS:VolumeUsage.gp2,CreateVolume-Gp2,,vol-011a93fe4575df8b9,1.0000000008,,,0.132,0.132,USD0.132 per GB-Mo for EBS:VolumeUsage.gp2 in Asia Pacific (Hong Kong),Amazon Elastic Compute Cloud,,,,,,,,Asia Pacific (Hong Kong),,ap-east-1,,,,,0.132,OnDemand,,,,,,,,,,3288230330.0,,,,,,,,,,,,,,,,,,,,***,***,***,***,***,***,***,***,***,***,***
711,kef6joczji6ckyusox4ohzacygnv2nzkodh6dkvsnpf2a4ir2yiq,455712485,AWS,Anniversary,829432956742,2020-04-01T00:00:00Z,484234319610,Usage,2020-04-27T00:00:00Z,2020-04-28T00:00:00Z,APE1-EBS:VolumeUsage.gp2,CreateVolume-Gp2,,vol-028ff7dd5257cc23e,1.0000000008,,,0.132,0.132,USD0.132 per GB-Mo for EBS:VolumeUsage.gp2 in Asia Pacific (Hong Kong),Amazon Elastic Compute Cloud,,,,,,,,Asia Pacific (Hong Kong),,ap-east-1,,,,,0.132,OnDemand,,,,,,,,,,3288230330.0,,,,,,,,,,,,,,,,,,,,***,***,***,***,***,***,***,***,***,***,***
712,24zqwolub4nf2yqlpjrq5zuuksfbyp2hnpf5f7fw2ovxvfn4xiga,455712485,AWS,Anniversary,829432956742,2020-04-01T00:00:00Z,484234319610,Usage,2020-04-09T00:00:00Z,2020-04-10T00:00:00Z,APE1-EBS:VolumeUsage.gp2,CreateVolume-Gp2,,vol-011a93fe4575df8b9,1.0000000008,,,0.132,0.132,USD0.132 per GB-Mo for EBS:VolumeUsage.gp2 in Asia Pacific (Hong Kong),Amazon Elastic Compute Cloud,,,,,,,,Asia Pacific (Hong Kong),,ap-east-1,,,,,0.132,OnDemand,,,,,,,,,,3288230330.0,,,,,,,,,,,,,,,,,,,,***,***,***,***,***,***,***,***,***,***,***
713,kef6joczji6ckyusox4ohzacygnv2nzkodh6dkvsnpf2a4ir2yiq,455712485,AWS,Anniversary,829432956742,2020-04-01T00:00:00Z,484234319610,Usage,2020-04-21T00:00:00Z,2020-04-22T00:00:00Z,APE1-EBS:VolumeUsage.gp2,CreateVolume-Gp2,,vol-028ff7dd5257cc23e,1.0000000008,,,0.132,0.132,USD0.132 per GB-Mo for EBS:VolumeUsage.gp2 in Asia Pacific (Hong Kong),Amazon Elastic Compute Cloud,,,,,,,,Asia Pacific (Hong Kong),,ap-east-1,,,,,0.132,OnDemand,,,,,,,,,,3288230330.0,,,,,,,,,,,,,,,,,,,,***,***,***,***,***,***,***,***,***,***,***
714,24zqwolub4nf2yqlpjrq5zuuksfbyp2hnpf5f7fw2ovxvfn4xiga,455712485,AWS,Anniversary,829432956742,2020-04-01T00:00:00Z,484234319610,Usage,2020-04-11T00:00:00Z,2020-04-12T00:00:00Z,APE1-EBS:VolumeUsage.gp2,CreateVolume-Gp2,,vol-011a93fe4575df8b9,1.0000000008,,,0.132,0.132,USD0.132 per GB-Mo for EBS:VolumeUsage.gp2 in Asia Pacific (Hong Kong),Amazon Elastic Compute Cloud,,,,,,,,Asia Pacific (Hong Kong),,ap-east-1,,,,,0.132,OnDemand,,,,,,,,,,3288230330.0,,,,,,,,,,,,,,,,,,,,***,***,***,***,***,***,***,***,***,***,***
715,ubdukt3p3f3u4p2ydlrbvefw72zkaiji6k6k7wf3okxicz7zcxoa,455712485,AWS,Anniversary,829432956742,2020-04-01T00:00:00Z,484234319610,Usage,2020-04-25T23:00:00Z,2020-04-26T00:00:00Z,APE1-EBS:SnapshotUsage,CreateSnapshot,,arn:aws:ec2:ap-east-1:0484234319610:snapshot/snap-055191ef17cdb883a,0.4735677083,,,0.055,0.026046224,USD0.055 per GB-Mo for EBS:SnapshotUsage in Asia Pacific (Hong Kong),Amazon Elastic Compute Cloud,,,,,,,,Asia Pacific (Hong Kong),,ap-east-1,,,,,0.055,OnDemand,,,,,,,,,,3288230330.0,,,,,,,,,,,,,,,,,,,,***,***,***,***,***,***,***,***,***,***,***
716,iezs6slmegcy7s6gmwx4mism32bwvppmwu4irzmqy7zixniak5ya,455712485,AWS,Anniversary,829432956742,2020-04-01T00:00:00Z,484234319610,Usage,2020-04-17T18:00:00Z,2020-04-17T19:00:00Z,APE1-EUC1-AWS-In-Bytes,PublicIP-In,,i-0a6278ab6f458f9f9,2.71155e-05,,,0.0,0.0,USD0.0 per GB for EUC1-AWS-In-Bytes in Asia Pacific (Hong Kong),Amazon Elastic Compute Cloud,,,,,,,,,,ap-east-1,,,,,0.0,OnDemand,,,,,,,,,,3288230331.0,,,,,,,,,,,,,,,,,,,,***,***,***,***,***,***,***,***,***,***,***
717,cnrf7miq7gba2ghwexlebxhuojvwjmgqhithwvpkidbjwnto6yhq,455712485,AWS,Anniversary,829432956742,2020-04-01T00:00:00Z,484234319610,Usage,2020-04-17T18:00:00Z,2020-04-17T19:00:00Z,APE1-USE1-AWS-Out-Bytes,PublicIP-Out,,i-0a6278ab6f458f9f9,2.3404e-06,,,0.09,2.106e-07,USD0.09 per GB for USE1-AWS-Out-Bytes in Asia Pacific (Hong Kong),Amazon Elastic Compute Cloud,,,,,,,,,,ap-east-1,,,,,0.09,OnDemand,,,,,,,,,,3288230331.0,,,,,,,,,,,,,,,,,,,,***,***,***,***,***,***,***,***,***,***,***
718,ktefcug6xfifrzmeclzqbw7ozkoqso22ke7n2ry2jt2ulkvzefsa,455712485,AWS,Anniversary,829432956742,2020-04-01T00:00:00Z,484234319610,Usage,2020-04-17T16:00:00Z,2020-04-17T17:00:00Z,APE1-Requests-Tier1,ListTopics,,,1.0,,,0.0,0.0,USD0.0 per Requests for Requests-Tier1 in Asia Pacific (Hong Kong),Amazon Simple Notification Service,,,,,,,,Asia Pacific (Hong Kong),,ap-east-1,,,,,5e-07,OnDemand,,,,,,,,,,3288230368.0,,,,,,,,,,,,,,,,,,,,***,***,***,***,***,***,***,***,***,***,***
719,ubdukt3p3f3u4p2ydlrbvefw72zkaiji6k6k7wf3okxicz7zcxoa,455712485,AWS,Anniversary,829432956742,2020-04-01T00:00:00Z,484234319610,Usage,2020-04-27T23:00:00Z,2020-04-28T00:00:00Z,APE1-EBS:SnapshotUsage,CreateSnapshot,,arn:aws:ec2:ap-east-1:0484234319610:snapshot/snap-055191ef17cdb883a,0.4735677083,,,0.055,0.026046224,USD0.055 per GB-Mo for EBS:SnapshotUsage in Asia Pacific (Hong Kong),Amazon Elastic Compute Cloud,,,,,,,,Asia Pacific (Hong Kong),,ap-east-1,,,,,0.055,OnDemand,,,,,,,,,,3288230330.0,,,,,,,,,,,,,,,,,,,,***,***,***,***,***,***,***,***,***,***,***
720,ubdukt3p3f3u4p2ydlrbvefw72zkaiji6k6k7wf3okxicz7zcxoa,455712485,AWS,Anniversary,829432956742,2020-04-01T00:00:00Z,484234319610,Usage,2020-04-23T23:00:00Z,2020-04-24T00:00:00Z,APE1-EBS:SnapshotUsage,CreateSnapshot,,arn:aws:ec2:ap-east-1:0484234319610:snapshot/snap-055191ef17cdb883a,0.4735677083,,,0.055,0.026046224,USD0.055 per GB-Mo for EBS:SnapshotUsage in Asia Pacific (Hong Kong),Amazon Elastic Compute Cloud,,,,,,,,Asia Pacific (Hong Kong),,ap-east-1,,,,,0.055,OnDemand,,,,,,,,,,3288230330.0,,,,,,,,,,,,,,,,,,,,***,***,***,***,***,***,***,***,***,***,***
721,g6cay22ww7bxabf4hmwnvprkg4tbr77vv7guyqqucx7tdaqzg23a,455712485,AWS,Anniversary,829432956742,2020-04-01T00:00:00Z,484234319610,Usage,2020-04-07T18:00:00Z,2020-04-07T19:00:00Z,APE1-DataTransfer-Out-Bytes,RunInstances,,i-0d79f8c0cfab81d82,0.0011693891,,,0.12,0.0001403267,USD0.12 per GB for DataTransfer-Out-Bytes in Asia Pacific (Hong Kong),Amazon Elastic Compute Cloud,,,,,,,,,,ap-east-1,,,,,0.12,OnDemand,,,,,,,,,,3288230331.0,,,,,,,,,,,,,,,,,,,,***,***,***,***,***,***,***,***,***,***,***
722,afuuo3nawzr5doldgej5iejiwpwftofiscs44ylxo5f56j3vjywq,455712485,AWS,Anniversary,829432956742,2020-04-01T00:00:00Z,484234319610,Usage,2020-04-13T23:00:00Z,2020-04-14T00:00:00Z,APE1-EBS:SnapshotUsage,CreateSnapshot,,arn:aws:ec2:ap-east-1:0484234319610:snapshot/snap-0881ca14244467e16,0.4735677083,,,0.055,0.026046224,USD0.055 per GB-Mo for EBS:SnapshotUsage in Asia Pacific (Hong Kong),Amazon Elastic Compute Cloud,,,,,,,,Asia Pacific (Hong Kong),,ap-east-1,,,,,0.055,OnDemand,,,,,,,,,,3288230330.0,,,,,,,,,,,,,,,,,,,,***,***,***,***,***,***,***,***,***,***,***
723,kef6joczji6ckyusox4ohzacygnv2nzkodh6dkvsnpf2a4ir2yiq,455712485,AWS,Anniversary,829432956742,2020-04-01T00:00:00Z,484234319610,Usage,2020-04-19T00:00:00Z,2020-04-20T00:00:00Z,APE1-EBS:VolumeUsage.gp2,CreateVolume-Gp2,,vol-028ff7dd5257cc23e,1.0000000008,,,0.132,0.132,USD0.132 per GB-Mo for EBS:VolumeUsage.gp2 in Asia Pacific (Hong Kong),Amazon Elastic Compute Cloud,,,,,,,,Asia Pacific (Hong Kong),,ap-east-1,,,,,0.132,OnDemand,,,,,,,,,,3288230330.0,,,,,,,,,,,,,,,,,,,,***,***,***,***,***,***,***,***,***,***,***
724,24zqwolub4nf2yqlpjrq5zuuksfbyp2hnpf5f7fw2ovxvfn4xiga,455712485,AWS,Anniversary,829432956742,2020-04-01T00:00:00Z,484234319610,Usage,2020-04-07T13:00:00Z,2020-04-08T00:00:00Z,APE1-EBS:VolumeUsage.gp2,CreateVolume-Gp2,,vol-011a93fe4575df8b9,0.4583333336999999,,,0.132,0.0605,USD0.132 per GB-Mo for EBS:VolumeUsage.gp2 in Asia Pacific (Hong Kong),Amazon Elastic Compute Cloud,,,,,,,,Asia Pacific (Hong Kong),,ap-east-1,,,,,0.132,OnDemand,,,,,,,,,,3288230330.0,,,,,,,,,,,,,,,,,,,,***,***,***,***,***,***,***,***,***,***,***
725,mmxs3veknvjl3zkkcne52vls7xxwtsn5s7thr6geshzuchtrocha,455712485,AWS,Anniversary,829432956742,2020-04-01T00:00:00Z,484234319610,Usage,2020-04-07T13:00:00Z,2020-04-07T14:00:00Z,APE1-BoxUsage:t3.medium,RunInstances:0002,ap-east-1b,i-05001be66d0ef9713,1.0,2.0,2.0,0.0768,0.0768,$0.0768 per On Demand Windows t3.medium Instance Hour,Amazon Elastic Compute Cloud,,,,,t3.medium,t3,No License required,Asia Pacific (Hong Kong),Windows,ap-east-1,Shared,,,,0.0768,OnDemand,,,,,,,,,,3288230330.0,,,,,,,,,,,,,,,,,,,,***,***,***,***,***,***,***,***,***,***,***
726,vtelahb2u2p2wtfbtr7jwx7r4useasvo74plaqyvivci5sgtnrta,455712485,AWS,Anniversary,829432956742,2020-04-01T00:00:00Z,484234319610,Usage,2020-04-17T18:00:00Z,2020-04-17T19:00:00Z,APE1-APS1-AWS-In-Bytes,PublicIP-In,,i-0a6278ab6f458f9f9,1.33803e-05,,,0.0,0.0,$0.0 per GB - Asia Pacific (Hong Kong)  data transfer from Asia Pacific (Singapore),Amazon Elastic Compute Cloud,,,,,,,,,,ap-east-1,,,,,0.0,OnDemand,,,,,,,,,,3288230331.0,,,,,,,,,,,,,,,,,,,,***,***,***,***,***,***,***,***,***,***,***
727,h6bdseaueg6v6ayd2upzf2ezomxns2buvuhgutlfokvw6yr25yra,455712485,AWS,Anniversary,829432956742,2020-04-01T00:00:00Z,484234319610,Usage,2020-04-07T18:00:00Z,2020-04-07T19:00:00Z,APE1-DataTransfer-In-Bytes,RunInstances,,i-0d79f8c0cfab81d82,0.0008297637,,,0.0,0.0,USD0.0 per GB for DataTransfer-In-Bytes in Asia Pacific (Hong Kong),Amazon Elastic Compute Cloud,,,,,,,,,,ap-east-1,,,,,0.0,OnDemand,,,,,,,,,,3288230331.0,,,,,,,,,,,,,,,,,,,,***,***,***,***,***,***,***,***,***,***,***
728,hmjrxhip24vmuc2gpxbumkgprg44g6zavxzwnnp6utlzvbofgrtq,455712485,AWS,Anniversary,829432956742,2020-04-01T00:00:00Z,484234319610,Usage,2020-04-07T14:00:00Z,2020-04-07T16:00:00Z,APE1-DataTransfer-Out-Bytes,RunInstances,,i-05001be66d0ef9713,0.0440594349,,,0.12,0.0052871322,USD0.12 per GB for DataTransfer-Out-Bytes in Asia Pacific (Hong Kong),Amazon Elastic Compute Cloud,,,,,,,,,,ap-east-1,,,,,0.12,OnDemand,,,,,,,,,,3288230331.0,,,,,,,,,,,,,,,,,,,,***,***,***,***,***,***,***,***,***,***,***
729,afuuo3nawzr5doldgej5iejiwpwftofiscs44ylxo5f56j3vjywq,455712485,AWS,Anniversary,829432956742,2020-04-01T00:00:00Z,484234319610,Usage,2020-04-14T23:00:00Z,2020-04-15T00:00:00Z,APE1-EBS:SnapshotUsage,CreateSnapshot,,arn:aws:ec2:ap-east-1:0484234319610:snapshot/snap-0881ca14244467e16,0.4735677083,,,0.055,0.026046224,USD0.055 per GB-Mo for EBS:SnapshotUsage in Asia Pacific (Hong Kong),Amazon Elastic Compute Cloud,,,,,,,,Asia Pacific (Hong Kong),,ap-east-1,,,,,0.055,OnDemand,,,,,,,,,,3288230330.0,,,,,,,,,,,,,,,,,,,,***,***,***,***,***,***,***,***,***,***,***
730,ubdukt3p3f3u4p2ydlrbvefw72zkaiji6k6k7wf3okxicz7zcxoa,455712485,AWS,Anniversary,829432956742,2020-04-01T00:00:00Z,484234319610,Usage,2020-04-30T23:00:00Z,2020-05-01T00:00:00Z,APE1-EBS:SnapshotUsage,CreateSnapshot,,arn:aws:ec2:ap-east-1:0484234319610:snapshot/snap-055191ef17cdb883a,0.4735677083,,,0.055,0.026046224,USD0.055 per GB-Mo for EBS:SnapshotUsage in Asia Pacific (Hong Kong),Amazon Elastic Compute Cloud,,,,,,,,Asia Pacific (Hong Kong),,ap-east-1,,,,,0.055,OnDemand,,,,,,,,,,3288230330.0,,,,,,,,,,,,,,,,,,,,***,***,***,***,***,***,***,***,***,***,***
731,ubdukt3p3f3u4p2ydlrbvefw72zkaiji6k6k7wf3okxicz7zcxoa,455712485,AWS,Anniversary,829432956742,2020-04-01T00:00:00Z,484234319610,Usage,2020-04-29T23:00:00Z,2020-04-30T00:00:00Z,APE1-EBS:SnapshotUsage,CreateSnapshot,,arn:aws:ec2:ap-east-1:0484234319610:snapshot/snap-055191ef17cdb883a,0.4735677083,,,0.055,0.026046224,USD0.055 per GB-Mo for EBS:SnapshotUsage in Asia Pacific (Hong Kong),Amazon Elastic Compute Cloud,,,,,,,,Asia Pacific (Hong Kong),,ap-east-1,,,,,0.055,OnDemand,,,,,,,,,,3288230330.0,,,,,,,,,,,,,,,,,,,,***,***,***,***,***,***,***,***,***,***,***
732,yvaoc6wd4olo7yyti5p53bpprjpa2ndw2t4omvf2hofuzzrruona,455712485,AWS,Anniversary,829432956742,2020-04-01T00:00:00Z,484234319610,Usage,2020-04-07T13:00:00Z,2020-04-07T18:00:00Z,ap-east-1-KMS-Requests,ListAliases,,,4.0,,,0.0,0.0,$0.00 per request - Monthly Global Free Tier for KMS requests,AWS Key Management Service,,,,,,,,Asia Pacific (Hong Kong),,ap-east-1,,,,,3e-06,,,,,,,,,,,3288230489.0,,,,,,,,,,,,,,,,,,,,***,***,***,***,***,***,***,***,***,***,***
733,soecoivdtspom2iv2fyqqixrkyxkvypwy66q3mfjoqplypw5ln6a,455712485,AWS,Anniversary,829432956742,2020-04-01T00:00:00Z,484234319610,Usage,2020-04-17T16:00:00Z,2020-04-17T19:00:00Z,APE1-CloudFront-Out-Bytes,RunInstances,,i-0a6278ab6f458f9f9,1.94386e-05,,,0.0,0.0,USD0.0 per GB for CloudFront-Out-Bytes in Asia Pacific (Hong Kong),Amazon Elastic Compute Cloud,,,,,,,,,,ap-east-1,,,,,0.0,OnDemand,,,,,,,,,,3288230331.0,,,,,,,,,,,,,,,,,,,,***,***,***,***,***,***,***,***,***,***,***
734,uesoy4ajwsrfw2mgzipao6vwicflh5atn5y3p33j53aiss4xth7a,455712485,AWS,Anniversary,829432956742,2020-04-01T00:00:00Z,484234319610,Usage,2020-04-07T18:00:00Z,2020-04-07T19:00:00Z,APE1-BoxUsage:t3.nano,RunInstances:0002,ap-east-1a,i-0d79f8c0cfab81d82,1.0,0.25,0.25,0.0119,0.0119,$0.0119 per On Demand Windows t3.nano Instance Hour,Amazon Elastic Compute Cloud,,,,,t3.nano,t3,No License required,Asia Pacific (Hong Kong),Windows,ap-east-1,Shared,,,,0.0119,OnDemand,,,,,,,,,,3288230330.0,,,,,,,,,,,,,,,,,,,,***,***,***,***,***,***,***,***,***,***,***
735,2jmiadopkel7bjzj2znc74wv3kgmq4nf76l7icsvn57a4bpeig7q,455712485,AWS,Anniversary,829432956742,2020-04-01T00:00:00Z,484234319610,Usage,2020-04-17T18:00:00Z,2020-04-17T19:00:00Z,APE1-APN2-AWS-Out-Bytes,PublicIP-Out,,i-0a6278ab6f458f9f9,1.5926e-06,,,0.09,1.433e-07,USD0.09 per GB for APN2-AWS-Out-Bytes in Asia Pacific (Hong Kong),Amazon Elastic Compute Cloud,,,,,,,,,,ap-east-1,,,,,0.09,OnDemand,,,,,,,,,,3288230331.0,,,,,,,,,,,,,,,,,,,,***,***,***,***,***,***,***,***,***,***,***
736,kef6joczji6ckyusox4ohzacygnv2nzkodh6dkvsnpf2a4ir2yiq,455712485,AWS,Anniversary,829432956742,2020-04-01T00:00:00Z,484234319610,Usage,2020-04-20T00:00:00Z,2020-04-21T00:00:00Z,APE1-EBS:VolumeUsage.gp2,CreateVolume-Gp2,,vol-028ff7dd5257cc23e,1.0000000008,,,0.132,0.132,USD0.132 per GB-Mo for EBS:VolumeUsage.gp2 in Asia Pacific (Hong Kong),Amazon Elastic Compute Cloud,,,,,,,,Asia Pacific (Hong Kong),,ap-east-1,,,,,0.132,OnDemand,,,,,,,,,,3288230330.0,,,,,,,,,,,,,,,,,,,,***,***,***,***,***,***,***,***,***,***,***
737,kef6joczji6ckyusox4ohzacygnv2nzkodh6dkvsnpf2a4ir2yiq,455712485,AWS,Anniversary,829432956742,2020-04-01T00:00:00Z,484234319610,Usage,2020-04-25T00:00:00Z,2020-04-26T00:00:00Z,APE1-EBS:VolumeUsage.gp2,CreateVolume-Gp2,,vol-028ff7dd5257cc23e,1.0000000008,,,0.132,0.132,USD0.132 per GB-Mo for EBS:VolumeUsage.gp2 in Asia Pacific (Hong Kong),Amazon Elastic Compute Cloud,,,,,,,,Asia Pacific (Hong Kong),,ap-east-1,,,,,0.132,OnDemand,,,,,,,,,,3288230330.0,,,,,,,,,,,,,,,,,,,,***,***,***,***,***,***,***,***,***,***,***
738,afuuo3nawzr5doldgej5iejiwpwftofiscs44ylxo5f56j3vjywq,455712485,AWS,Anniversary,829432956742,2020-04-01T00:00:00Z,484234319610,Usage,2020-04-17T13:00:00Z,2020-04-17T14:00:00Z,APE1-EBS:SnapshotUsage,CreateSnapshot,,arn:aws:ec2:ap-east-1:0484234319610:snapshot/snap-0881ca14244467e16,0.4735677083,,,0.055,0.026046224,USD0.055 per GB-Mo for EBS:SnapshotUsage in Asia Pacific (Hong Kong),Amazon Elastic Compute Cloud,,,,,,,,Asia Pacific (Hong Kong),,ap-east-1,,,,,0.055,OnDemand,,,,,,,,,,3288230330.0,,,,,,,,,,,,,,,,,,,,***,***,***,***,***,***,***,***,***,***,***
739,kef6joczji6ckyusox4ohzacygnv2nzkodh6dkvsnpf2a4ir2yiq,455712485,AWS,Anniversary,829432956742,2020-04-01T00:00:00Z,484234319610,Usage,2020-04-18T00:00:00Z,2020-04-19T00:00:00Z,APE1-EBS:VolumeUsage.gp2,CreateVolume-Gp2,,vol-028ff7dd5257cc23e,1.0000000008,,,0.132,0.132,USD0.132 per GB-Mo for EBS:VolumeUsage.gp2 in Asia Pacific (Hong Kong),Amazon Elastic Compute Cloud,,,,,,,,Asia Pacific (Hong Kong),,ap-east-1,,,,,0.132,OnDemand,,,,,,,,,,3288230330.0,,,,,,,,,,,,,,,,,,,,***,***,***,***,***,***,***,***,***,***,***
740,24zqwolub4nf2yqlpjrq5zuuksfbyp2hnpf5f7fw2ovxvfn4xiga,455712485,AWS,Anniversary,829432956742,2020-04-01T00:00:00Z,484234319610,Usage,2020-04-13T00:00:00Z,2020-04-14T00:00:00Z,APE1-EBS:VolumeUsage.gp2,CreateVolume-Gp2,,vol-011a93fe4575df8b9,1.0000000008,,,0.132,0.132,USD0.132 per GB-Mo for EBS:VolumeUsage.gp2 in Asia Pacific (Hong Kong),Amazon Elastic Compute Cloud,,,,,,,,Asia Pacific (Hong Kong),,ap-east-1,,,,,0.132,OnDemand,,,,,,,,,,3288230330.0,,,,,,,,,,,,,,,,,,,,***,***,***,***,***,***,***,***,***,***,***
741,ubdukt3p3f3u4p2ydlrbvefw72zkaiji6k6k7wf3okxicz7zcxoa,455712485,AWS,Anniversary,829432956742,2020-04-01T00:00:00Z,484234319610,Usage,2020-04-26T23:00:00Z,2020-04-27T00:00:00Z,APE1-EBS:SnapshotUsage,CreateSnapshot,,arn:aws:ec2:ap-east-1:0484234319610:snapshot/snap-055191ef17cdb883a,0.4735677083,,,0.055,0.026046224,USD0.055 per GB-Mo for EBS:SnapshotUsage in Asia Pacific (Hong Kong),Amazon Elastic Compute Cloud,,,,,,,,Asia Pacific (Hong Kong),,ap-east-1,,,,,0.055,OnDemand,,,,,,,,,,3288230330.0,,,,,,,,,,,,,,,,,,,,***,***,***,***,***,***,***,***,***,***,***
742,qel3g4lwxiqmftjoqen5p42srztu3pbotmm5ghrbxlrstovluzpq,455712485,AWS,Anniversary,829432956742,2020-04-01T00:00:00Z,484234319610,Usage,2020-04-17T14:00:00Z,2020-04-17T15:00:00Z,APE1-BoxUsage:t3.large,RunInstances:0002,ap-east-1a,i-0a6278ab6f458f9f9,1.0,4.0,4.0,0.1444,0.1444,$0.1444 per On Demand Windows t3.large Instance Hour,Amazon Elastic Compute Cloud,,,,,t3.large,t3,No License required,Asia Pacific (Hong Kong),Windows,ap-east-1,Shared,,,,0.1444,OnDemand,,,,,,,,,,3288230330.0,,,,,,,,,,,,,,,,,,,,***,***,***,***,***,***,***,***,***,***,***
743,24zqwolub4nf2yqlpjrq5zuuksfbyp2hnpf5f7fw2ovxvfn4xiga,455712485,AWS,Anniversary,829432956742,2020-04-01T00:00:00Z,484234319610,Usage,2020-04-15T00:00:00Z,2020-04-16T00:00:00Z,APE1-EBS:VolumeUsage.gp2,CreateVolume-Gp2,,vol-011a93fe4575df8b9,1.0000000008,,,0.132,0.132,USD0.132 per GB-Mo for EBS:VolumeUsage.gp2 in Asia Pacific (Hong Kong),Amazon Elastic Compute Cloud,,,,,,,,Asia Pacific (Hong Kong),,ap-east-1,,,,,0.132,OnDemand,,,,,,,,,,3288230330.0,,,,,,,,,,,,,,,,,,,,***,***,***,***,***,***,***,***,***,***,***
744,d3zcgjzkvsoe2byje6bvp5wagjvwd7jvczsljs2lf56ooakfk6zq,455712485,AWS,Anniversary,829432956742,2020-04-01T00:00:00Z,484234319610,Usage,2020-04-17T16:00:00Z,2020-04-17T17:00:00Z,APE1-USE1-AWS-Out-Bytes,RunInstances,,i-0a6278ab6f458f9f9,1.78972e-05,,,0.09,1.6107e-06,USD0.09 per GB for USE1-AWS-Out-Bytes in Asia Pacific (Hong Kong),Amazon Elastic Compute Cloud,,,,,,,,,,ap-east-1,,,,,0.09,OnDemand,,,,,,,,,,3288230331.0,,,,,,,,,,,,,,,,,,,,***,***,***,***,***,***,***,***,***,***,***
745,afuuo3nawzr5doldgej5iejiwpwftofiscs44ylxo5f56j3vjywq,455712485,AWS,Anniversary,829432956742,2020-04-01T00:00:00Z,484234319610,Usage,2020-04-09T23:00:00Z,2020-04-10T00:00:00Z,APE1-EBS:SnapshotUsage,CreateSnapshot,,arn:aws:ec2:ap-east-1:0484234319610:snapshot/snap-0881ca14244467e16,0.4735677083,,,0.055,0.026046224,USD0.055 per GB-Mo for EBS:SnapshotUsage in Asia Pacific (Hong Kong),Amazon Elastic Compute Cloud,,,,,,,,Asia Pacific (Hong Kong),,ap-east-1,,,,,0.055,OnDemand,,,,,,,,,,3288230330.0,,,,,,,,,,,,,,,,,,,,***,***,***,***,***,***,***,***,***,***,***
746,kef6joczji6ckyusox4ohzacygnv2nzkodh6dkvsnpf2a4ir2yiq,455712485,AWS,Anniversary,829432956742,2020-04-01T00:00:00Z,484234319610,Usage,2020-04-24T00:00:00Z,2020-04-25T00:00:00Z,APE1-EBS:VolumeUsage.gp2,CreateVolume-Gp2,,vol-028ff7dd5257cc23e,1.0000000008,,,0.132,0.132,USD0.132 per GB-Mo for EBS:VolumeUsage.gp2 in Asia Pacific (Hong Kong),Amazon Elastic Compute Cloud,,,,,,,,Asia Pacific (Hong Kong),,ap-east-1,,,,,0.132,OnDemand,,,,,,,,,,3288230330.0,,,,,,,,,,,,,,,,,,,,***,***,***,***,***,***,***,***,***,***,***
747,yvaoc6wd4olo7yyti5p53bpprjpa2ndw2t4omvf2hofuzzrruona,455712485,AWS,Anniversary,829432956742,2020-04-01T00:00:00Z,484234319610,Usage,2020-04-17T12:00:00Z,2020-04-17T15:00:00Z,ap-east-1-KMS-Requests,ListAliases,,,6.0,,,0.0,0.0,$0.00 per request - Monthly Global Free Tier for KMS requests,AWS Key Management Service,,,,,,,,Asia Pacific (Hong Kong),,ap-east-1,,,,,3e-06,,,,,,,,,,,3288230489.0,,,,,,,,,,,,,,,,,,,,***,***,***,***,***,***,***,***,***,***,***
748,kef6joczji6ckyusox4ohzacygnv2nzkodh6dkvsnpf2a4ir2yiq,455712485,AWS,Anniversary,829432956742,2020-04-01T00:00:00Z,484234319610,Usage,2020-04-28T00:00:00Z,2020-04-29T00:00:00Z,APE1-EBS:VolumeUsage.gp2,CreateVolume-Gp2,,vol-028ff7dd5257cc23e,1.0000000008,,,0.132,0.132,USD0.132 per GB-Mo for EBS:VolumeUsage.gp2 in Asia Pacific (Hong Kong),Amazon Elastic Compute Cloud,,,,,,,,Asia Pacific (Hong Kong),,ap-east-1,,,,,0.132,OnDemand,,,,,,,,,,3288230330.0,,,,,,,,,,,,,,,,,,,,***,***,***,***,***,***,***,***,***,***,***
749,ubdukt3p3f3u4p2ydlrbvefw72zkaiji6k6k7wf3okxicz7zcxoa,455712485,AWS,Anniversary,829432956742,2020-04-01T00:00:00Z,484234319610,Usage,2020-04-19T23:00:00Z,2020-04-20T00:00:00Z,APE1-EBS:SnapshotUsage,CreateSnapshot,,arn:aws:ec2:ap-east-1:0484234319610:snapshot/snap-055191ef17cdb883a,0.4735677083,,,0.055,0.026046224,USD0.055 per GB-Mo for EBS:SnapshotUsage in Asia Pacific (Hong Kong),Amazon Elastic Compute Cloud,,,,,,,,Asia Pacific (Hong Kong),,ap-east-1,,,,,0.055,OnDemand,,,,,,,,,,3288230330.0,,,,,,,,,,,,,,,,,,,,***,***,***,***,***,***,***,***,***,***,***
750,twu3re3zom5htbsldfvqzujw325gxrzeq5bt2wjpcpnrp47hluuq,455712485,AWS,Anniversary,829432956742,2020-04-01T00:00:00Z,484234319610,Usage,2020-04-17T16:00:00Z,2020-04-17T19:00:00Z,APE1-BoxUsage:t3.medium,RunInstances:0002,ap-east-1a,i-0a6278ab6f458f9f9,3.0,2.0,6.0,0.0768,0.2304,$0.0768 per On Demand Windows t3.medium Instance Hour,Amazon Elastic Compute Cloud,,,,,t3.medium,t3,No License required,Asia Pacific (Hong Kong),Windows,ap-east-1,Shared,,,,0.0768,OnDemand,,,,,,,,,,3288230330.0,,,,,,,,,,,,,,,,,,,,***,***,***,***,***,***,***,***,***,***,***
751,7dan3beh2chxxwgzxnniwrivc535gyer7cpoizxetx3c6ocj6nfq,455712485,AWS,Anniversary,829432956742,2020-04-01T00:00:00Z,484234319610,Usage,2020-04-17T18:00:00Z,2020-04-17T19:00:00Z,APE1-USE1-AWS-In-Bytes,PublicIP-In,,i-0a6278ab6f458f9f9,7.2699e-06,,,0.0,0.0,USD0.0 per GB for USE1-AWS-In-Bytes in Asia Pacific (Hong Kong),Amazon Elastic Compute Cloud,,,,,,,,,,ap-east-1,,,,,0.0,OnDemand,,,,,,,,,,3288230331.0,,,,,,,,,,,,,,,,,,,,***,***,***,***,***,***,***,***,***,***,***
752,kef6joczji6ckyusox4ohzacygnv2nzkodh6dkvsnpf2a4ir2yiq,455712485,AWS,Anniversary,829432956742,2020-04-01T00:00:00Z,484234319610,Usage,2020-04-30T00:00:00Z,2020-05-01T00:00:00Z,APE1-EBS:VolumeUsage.gp2,CreateVolume-Gp2,,vol-028ff7dd5257cc23e,1.0000000008,,,0.132,0.132,USD0.132 per GB-Mo for EBS:VolumeUsage.gp2 in Asia Pacific (Hong Kong),Amazon Elastic Compute Cloud,,,,,,,,Asia Pacific (Hong Kong),,ap-east-1,,,,,0.132,OnDemand,,,,,,,,,,3288230330.0,,,,,,,,,,,,,,,,,,,,***,***,***,***,***,***,***,***,***,***,***
753,kef6joczji6ckyusox4ohzacygnv2nzkodh6dkvsnpf2a4ir2yiq,455712485,AWS,Anniversary,829432956742,2020-04-01T00:00:00Z,484234319610,Usage,2020-04-29T00:00:00Z,2020-04-30T00:00:00Z,APE1-EBS:VolumeUsage.gp2,CreateVolume-Gp2,,vol-028ff7dd5257cc23e,1.0000000008,,,0.132,0.132,USD0.132 per GB-Mo for EBS:VolumeUsage.gp2 in Asia Pacific (Hong Kong),Amazon Elastic Compute Cloud,,,,,,,,Asia Pacific (Hong Kong),,ap-east-1,,,,,0.132,OnDemand,,,,,,,,,,3288230330.0,,,,,,,,,,,,,,,,,,,,***,***,***,***,***,***,***,***,***,***,***
754,kef6joczji6ckyusox4ohzacygnv2nzkodh6dkvsnpf2a4ir2yiq,455712485,AWS,Anniversary,829432956742,2020-04-01T00:00:00Z,484234319610,Usage,2020-04-17T14:00:00Z,2020-04-18T00:00:00Z,APE1-EBS:VolumeUsage.gp2,CreateVolume-Gp2,,vol-028ff7dd5257cc23e,0.416666667,,,0.132,0.055,USD0.132 per GB-Mo for EBS:VolumeUsage.gp2 in Asia Pacific (Hong Kong),Amazon Elastic Compute Cloud,,,,,,,,Asia Pacific (Hong Kong),,ap-east-1,,,,,0.132,OnDemand,,,,,,,,,,3288230330.0,,,,,,,,,,,,,,,,,,,,***,***,***,***,***,***,***,***,***,***,***
